Happy Birthday to Me;88;No
Final Notice;88;No
Gonzo Presents Muppet Weird Stuff;88;No
Guilty by Suspicion;88;No
Swedenhielms;88;No
Raw Nerve;88;No
Five Corners;88;No
Let It Ride;88;No
New Year's Day;88;No
Fellini Satyricon;88;No
Time Machine, The;88;No
Long Voyage Home, The;88;No
Class Act;88;No
Dangerous Pursuit;88;No
Best of Times, The;88;No
Ballad of Narayama, The;88;No
Head Office;88;No
Out of Africa;88;Yes
Great Race, The;88;No
Terror, The;88;No
They Were Expendable;88;No
French Connection, The;88;Yes
Creature from Black Lake;88;No
Blood in, Blood Out;88;No
Jeremiah Johnson;88;No
Destroyer;87;No
City of Joy;87;No
Choice of Arms;87;No
Jean de Florette;87;Yes
Three Days of the Condor;87;No
Three Strange Loves;87;No
Superman, The Movie;87;No
Star Trek V: The Final Frontier;87;No
Law & Order;87;No
B. A. D. Cats;87;No
X, Y & Zee;87;No
Adventures of Rex & Rinty, The;87;No
Russkies;87;No
John Wayne Six Pack;87;No
For Your Eyes Only;86;No
Twin Peaks;86;No
Fat Man & Little Boy;86;No
Libeled Lady;86;No
Golden Child, The;86;No
Bliss of Mrs. Blossom, The;86;No
Sacketts, The;86;No
Out of the Darkness;86;No
Fozzie's Muppet Scrapbook;86;No
Prince & the Pauper, The;86;No
Viva Zapata!;86;Yes
Secret Policeman's Other Ball, The;86;No
Harper;86;No
Magic;85;No
Party Girl;85;No
As You Desire Me;85;No
Inserts;85;No
Man Who Shot Liberty Valance, The;85;No
Bury Me Not on the Lone Prairie;85;No
Man from Montana;85;No
Daphnis & Chloe;85;No
Phantom of the Ritz;85;No
That Lucky Touch;85;No
Raven, The;85;No
Sanshiro Sugata;85;No
Marrying Man, The;84;No
King of Comedy;84;No
She Wore a Yellow Ribbon;84;No
Surrender;84;No
Gunfight at the OK Corral;84;No
Arrowsmith;84;No
Say Goodbye Maggie Cole;84;No
Dick Tracy;84;No
Crimes of the Heart;84;No
Love & Death;84;No
Legend of the Lost;84;No
Angel & the Badman;84;No
Ruthless People;84;No
Catamount Killing, The;84;No
My Science Project;84;No
Twilight's Last Gleaming;84;No
Taps;84;No
Kelly's Heroes;84;No
Big Bad John;84;No
D-Day, The Sixth of June;84;No
Othello;84;No
A New Leaf;83;No
Doctor at Sea;83;No
Getting Straight;83;No
Monty Python & the Holy Grail;83;No
Sting, The;83;Yes
Rape of the Sabines, The;83;No
Places in the Heart;83;Yes
Woman of Affairs;83;No
Two Women;83;Yes
Ape Man, The;83;No
Back Door to Heaven;83;No
Dillinger;83;No
What's New Pussycat;83;No
Romancing the Stone;83;No
2001: A Space Odyssey;83;No
Alien;83;No
Swing It, Sailor!;83;No
A Clockwork Orange;83;Yes
Overland Stage Raiders;83;No
El Rublo de las Dos Caras;83;No
Duet for One;82;No
Woman Next Door, The;82;No
Alice Doesn't Live Here Anymore;82;Yes
Slap Shot;82;No
Fantasy Man;82;No
Queen Christina;82;No
Bonfire of the Vanities, The;82;No
Flaming Frontiers;82;No
Butterflies Are Free;82;Yes
Manhattan;82;Yes
Formula, The;82;No
Ugetsu Monogatari;82;No
Deer Hunter, The;82;Yes
Who's Afraid of Virginia Woolf?;82;Yes
Aliens;82;No
Meet Millie;82;No
Rebel Without a Cause;82;No
Penitentiary III;82;No
Burning Poles, Cecil Taylor in Performance;82;No
Valkenvania;82;No
Nineteen Hundred;82;No
Fanny and Alexander;81;Yes
After Hours;81;No
Contempt;81;No
Day of the Locust, The;81;No
National Lampoon's Christmas Vacation;81;No
Dersu Uzala, (The Hunter);81;Yes
Heiress, The;81;Yes
Hanover Street;81;No
Grand Hotel;81;Yes
At Play in the Fields of the Lord;81;No
Swing Shift;81;No
Play It Again, Sam;81;No
Matewan;81;No
Ryan's Daughter;81;Yes
Reflections in a Golden Eye;81;No
Persona;81;Yes
Monty Python Live at the Hollywood Bowl;81;No
Tormenta Sobre Arizona;81;No
L. A. Story;81;No
Zandalee;80;No
Scarlet Street;80;No
8 1/2;80;Yes
Bobo, The;80;No
Husbands & Wives;80;No
Cannonball Run, The;80;No
Stripped to Kill II, Live Girls;80;No
Mephisto;80;Yes
Statue, The;80;No
Angela;80;No
A Special Day;80;Yes
Lolita;80;No
New Jack City;80;No
Mr. Arkadin;80;No
Her Alibi;80;No
It Started with a Kiss;80;No
Rodeo Girl;80;No
War & Peace;80;Yes
Cleopatra;80;No
Hammersmith Is Out;80;No
A Question of Honor;80;No
Check Your Guns;80;No
Goon Show Movie, The;80;No
Dead Zone, The;79;No
Predator 2;79;No
Siegfried, The Nibelungenlied;79;No
Babette's Feast;79;Yes
Rowlf's Rhapsodies with the Muppets;79;No
Bloodsucking Pharaohs in Pittsburgh;79;No
A Touch of Class;79;Yes
True Stories;79;No
Arthur;79;Yes
Cheerleader Camp;79;No
Russians Are Coming, the Russians Are, The;79;Yes
Defense of the Realm;79;No
Lassie Come Home;79;No
Silence, The;79;No
Texas;79;No
Crawling Hand, The;79;No
Joe Kidd;79;No
Monty Python's Flying Circus, Vol 2.;79;No
A Married Man;79;No
Face at the Window, The;79;No
Delicatessen;78;No
Rebecca;78;Yes
Lion in Winter, THe;78;Yes
Rain People, The;78;No
A Year of the Quiet Sun;78;No
Get Out Your Handkerchiefs;78;Yes
Hot to Trot;78;No
JFK;78;No
Circuitry Man;78;No
Rocky;78;Yes
Wee Willie Winkie;78;No
Apache;78;No
Bloodsport;78;No
Mo' Better Blues;78;No
Return of the Lash;78;No
King of the Pecos;78;No
Goldfinger;77;No
Never on Tuesday;77;No
Dangerous Liaisons;77;No
True Grit;77;Yes
Salvador;77;No
Adventures of Smilin' Jack, The;77;No
Superman IV: The Quest for Peace;77;No
Madonna, Justify My Love;77;No
El Guerrero Solitario;77;No
Asphalt Jungle, The;77;No
Experiment in Terror;77;No
Until They Sail;77;No
Ferry to Hong Kong;77;No
Criss Cross;77;No
Pink Panther, The;77;No
Range Feud;77;No
Lodger (Story of the London Fog);76;No
Cyrano de Bergerac;76;No
Absence of Malice;76;No
Stealing Home;76;No
Horse Soldiers, The;76;No
Rooster Cogburn;76;No
Salome's Last Dance;76;No
Reds;76;Yes
Black Sunday;76;No
In Country;76;No
Marathon;76;No
A Day in October;76;No
Posse;76;No
Blood on the Sun;76;No
Romulus & the Sabines;76;No
Keeper of the Flame;76;No
Appointment with Death;75;No
Best Defense;75;No
Battle of Midway, The;75;No
Roma;75;No
Buffet Froid;75;No
Sea of Grass, The;75;No
A Streetcar Named Desire;75;Yes
RAD;75;No
Madonna Live, The Virgin Tour;75;No
Unsettled Land;75;No
Man Who Haunted Himself, The;75;No
Jamaica Inn;75;No
Getting Physical;75;No
Wild Times;75;No
Julia;75;Yes
Pretty in Pink;75;No
Another You;75;No
Defending Your Life;75;No
Dodesukaden;75;No
Crash & Burn;75;No
Wild Party, The;75;No
American Autobahn;75;No
Sara Dane;75;No
Closely Watched Trains;75;Yes
Burn!;75;No
Alone in the Dark;75;No
Magic Christian, The;75;No
Randy Rides Alone;75;No
Act of Piracy;74;No
Under Capricorn;74;No
Meeting Venus;74;No
Fifth Floor, The;74;No
Camille;74;No
Why Me?;74;No
Best Friends;74;No
American Anthem;74;No
Ciao Italia, Madonna Live from Italy;74;No
Quiet Man, The;74;No
Fighting Kentuckian, The;74;No
Kriemhild's Revenge, The Nibelungenlied;74;No
Sabotage;74;No
Raintree County;74;No
Mystic Pizza;74;No
Hell Comes to Frogtown;74;No
Kagemusha;74;Yes
Border Street;73;No
Black Rain;73;No
Reversal of Fortune;73;Yes
Joyless Street;73;No
Single Standard, The;73;No
Clan of the Cave Bear, The;73;No
Boom Town;73;No
State of Things, The;73;No
Unfaithfully Yours;73;No
Yesterday, Today & Tomorrow;73;Yes
Gator Bait II;73;No
Six Weeks;73;No
Mc Q;73;No
Ransom;73;No
Planes, Trains & Automobiles;73;No
Bang the Drum Slowly;73;No
Law of Desire;73;No
Frontier Horizon;73;No
Neath Arizona Skies;73;No
Count of Old Town, The;72;No
Nightbreed;72;No
Beat Street;72;No
Hearts of Darkness, A Filmmaker's Apocalypse;72;No
Three Godfathers;72;No
Novice, The;72;No
Hear My Song;72;No
Flesh & the Devil, The;72;No
Mysterious Lady, The;72;No
Sands of Iwo Jima;72;No
In a Shallow Grave;72;No
Z;72;Yes
Conformist, The;72;No
Dirty Harry;72;No
Indigo Autumn & Lilac Dream;72;No
Driver's Seat, The;72;No
Stage Fright;72;No
Le Dernier Combat;72;No
Fire, Ice & Dynamite;72;No
Bandits of Dark Canyon;72;No
Chisum;72;No
Great McGonagall, The;72;No
Dear Brigitte;71;No
Killjoy;71;No
Programmed to Kill;71;No
Year My Voice Broke, The;71;No
Betty Blue;71;No
Wings of Desire;71;No
Allnighter, The;71;No
Prettykill;71;No
Mogambo;71;No
Dragonard;71;No
A Chorus Line, The Movie;71;No
Dragonfight;71;No
Riff Raff;71;No
Accused, The;71;Yes
A Dry White Season;71;No
Four Horsemen of the Apocalypse, The;71;No
Baja Oklahoma;71;No
Vera Cruz;71;No
Mysterious Mr. Wong;71;No
Assault, The;71;Yes
Mon Oncle D'Amerique;71;No
Dr Alien;70;No
Creepshow;70;No
Bride Is Much Too Beautiful, The;70;No
Eyes of the Amaryllis, The;70;No
Wild Orchids;70;No
Caddyshack;70;No
Sex, Lies, and Videotape;70;Yes
Hot Spot;70;No
Il Bidone;70;No
A Matter of Time;70;No
Front, The;70;No
Guys & Dolls;70;Yes
Shoot Loud, Louder, I Don't Understand!;70;No
To Live & Die in L. A.;70;No
Flight to Fury;70;No
Hot Line, The;70;No
American Film Institute, Alfred Hitchcock;70;No
Beartooth;70;No
Duke, The Films of John Wayne;70;No
Henry, Portrait of a Serial Killer;69;No
Presumed Innocent;69;No
Fear;69;No
Stromboli;69;No
Honkytonk Man;69;No
Shampoo;69;Yes
Double Edge;69;No
Comic Relief;69;No
To Catch a Thief;69;No
Bad Seed, The;69;No
Lethal Weapon 2;69;No
Blame It on the Bellboy;69;No
Christopher Columbus;69;No
Forgotten, The;69;No
Eiger Sanction, The;69;No
Devils, The;69;No
Johnny Tiger;69;No
Heat;69;No
Menace on the Mountain;69;No
Disorderlies;69;No
Tie Me Up! Tie Me Down!;68;No
High Heels;68;No
Octopussy;68;No
Tucker: The Man & His Dream;68;No
Hunting;68;No
Bataan;68;No
Daffy Duck's Quackbusters;68;No
Hush, Hush, Sweet Charlotte;68;No
Once Around;68;No
Annie Hall;68;Yes
Polyester;68;No
Big Jake;68;No
Ladyhawke;68;No
Man with Two Brains, The;68;No
Jewel of the Nile, The;68;No
Trash;68;No
Glass Menagerie, The;68;No
Wolf at the Door, The;68;No
Scum;68;No
An Evening with Robin Williams;68;No
Good, the Bad & the Ugly, The;68;No
Train, The;68;No
Law & Jake Wade, The;68;No
Hurricane Express, The;68;No
Man Who Loved Women, The;67;No
Tartuffe;67;No
Cactus Flower;67;Yes
Matchmaker, The;67;No
Hair;67;No
Diary of a Hitman;67;No
Mata Hari;67;No
Go Tell the Spartans;67;No
48 Hrs.;67;No
Experts, The;67;No
Spartacus;67;Yes
Hang 'em High;67;No
A Cry in the Dark;67;No
On a Clear Day You Can See Forever;67;No
Bedazzled;67;No
Lost Boys, The;67;No
Dangerous When Wet;67;No
Jay Leno: The American Dream;67;No
Women, The;66;No
Crisis;66;No
Secrets of Women;66;No
Firehouse;66;No
Ambassador Bill;66;No
White Hunter, Black Heart;66;No
Last Metro, The;66;No
Steel Magnolias;66;No
Blackboard Jungle, The;66;No
Inspiration;66;No
Number Seventeen;66;No
Roxanne;66;No
Without Love;66;No
Killer's Kiss;66;No
Crocodile Dundee;66;No
Men Don't Leave;66;No
Pepi Luci Bom;66;No
About Last Night;66;No
Going Places;66;No
Fabulous Baker Boys, The;66;No
Dreams Lost, Dreams Found;66;No
On Her Majesty's Secret Service;66;No
Baby Face;66;No
Devil's Wanton, The;66;No
Dogfight;66;No
Law of the Lash;66;No
Prize, The;66;No
In Harm's Way;66;No
Life & Times of Judge Roy Bean, The;65;No
Fast Times at Ridgemont High;65;No
Tomorrow Is Forever;65;No
Blue Iguana, The;65;No
Loulou;65;No
Streets of Fire;65;No
National Enquirer, The Untold Story;65;No
Women on the Verge of a Nervous Breakdown;65;No
How to Marry a Millionaire;65;No
To Joy;65;No
Manxman, The;65;No
Mackintosh Man, The;65;No
All the Right Moves;65;No
Going Ape;65;No
Bad Sleep Well, The;65;No
Willy Wonka & the Chocolate Factory;65;No
Back to the Future II;65;No
Devil's Disciple, The;65;No
Howie Mandel's North American Watusi Tour;65;No
Through a Glass Darkly;64;Yes
Coma;64;No
Blind Man's Bluff;64;No
Norma Rae;64;Yes
Susan Lennox, Her Fall & Rise;64;No
Brannigan;64;No
Rio Grande;64;No
Grease II;64;No
Trip, The;64;No
Sophie's Choice;64;Yes
Doc Hollywood;64;No
One Woman or Two;64;No
Major League;64;No
Sheltering Sky, The;64;No
Firefox;64;No
Apprenticeship of Duddy Kravitz, The;64;Yes
Dreamscape;63;No
Is Paris Burning?;63;No
Ugly American, The;63;No
Running Mates;63;No
Carlton-Browne of the F.O.;63;No
Postcards from the Edge;63;No
Madonna, Like a Virgin;63;No
Boy in Blue, The;63;No
I Confess;63;No
Next of Kin;63;No
Juggernaut;63;No
My Blue Heaven;63;No
Gosta Berling's Saga;63;No
Monty Python's Flying Circus, Vol 3.;63;No
Donovan's Reef;62;No
Seventh Seal, The;62;No
Goalie's Anxiety at the Penalty Kick, The;62;No
John Cleese on How to Irritate People;62;No
Inauguration of the Pleasure Dome;62;No
Looker;62;No
Cat Ballou;62;Yes
Romance;62;No
Mama's Dirty Girls;62;No
Last Ride of the Dalton Gang, The;62;No
Adam's Rib;62;No
Virus;62;No
Arrogant, The;62;No
Whose Life Is It, Anyway?;62;No
Everybody's All American;62;No
Fall of the Roman Empire, The;62;No
Audrey Rose;62;No
Smith!;62;No
Trip to Bountiful, The;62;Yes
Into the Night;62;No
Live & Let Die;62;No
Last Picture Show, The;62;Yes
Rumor Mill, The;62;No
Peggy Sue Got Married;62;No
Start the Revolution Without Me;62;No
Tentacles;62;No
Ffolkes;62;No
Outlaw Country;62;No
Fatal Attraction;61;No
Storm;61;No
Gremlins 2: The New Batch;61;No
Foreign Correspondent;61;No
Crazy People;61;No
Tender Mercies;61;Yes
Private Benjamin;61;No
Hawk of Powder River;61;No
Freaks;61;No
Heartbreak Ridge;61;No
One Crazy Summer;61;No
Back in the U.S.S.R.;61;No
Death Becomes Her;61;No
A Little Night Music;61;No
Giant;61;Yes
A Fistful of Dollars;61;No
Wild Frontier, The;61;No
Flying Tigers;61;No
Falcon & the Snowman, The;61;No
Ten;60;No
Alfred Hitchcock Presents, Sorcerer's Apprentice;60;No
After the Fox;60;No
A Child Is Waiting;60;No
Clara's Heart;60;No
Children's Hour, The;60;No
Necessary Roughness;60;No
Funny about Love;60;No
Ladies of the Chorus;60;No
Doors, The;60;No
Cancel My Reservation;60;No
Secret Ceremony;60;No
Gary Numan - Berzerker;60;No
Alien: resurrection;60;No
A Nous la Liberte;60;No
Throne of Blood;60;No
Yojimbo;60;No
Beguiled, The;60;No
Only Way Home, The;60;No
Crimson Pirate, The;60;No
Sound of Music, The;59;Yes
Reap the Wild Wind;59;No
March or Die;59;No
Those Daring Young Men in Their Jaunty;59;No
After School;59;No
World According to Garp, The;59;No
Sleeper;59;No
Witness;59;No
Cabaret;59;Yes
Seizure;59;No
Born to Ride;59;No
Police Academy 5: Assignment Miami Beach;59;No
Gung Ho;59;No
Rocky Horror Picture Show, The;59;No
Alien Three;59;No
Conversation, The;59;Yes
Rashomon;59;Yes
J-Men Forever;59;No
From the Life of the Marionettes;58;No
Memoirs of an Invisible Man;58;No
Pope of Greenwich Village;58;No
Smiles of a Summer Night;58;No
Prisoner of Honor.;58;No
Desperate Hours;58;No
Diamond Trap, The;58;No
Teen Wolf;58;No
Cowboys, The;58;No
John Wayne Four Pack;58;No
Rich & Strange;57;No
Voyage in Italy;57;No
High Plains Drifter;57;No
Coogan's Bluff;57;No
Brink of Life;57;No
Until the End of the World;57;No
Painted Veil, The;57;No
Lady in Question;57;No
Gilda;57;No
Bronco Billy;57;No
Made in Heaven;57;No
Cobra;57;No
Heartburn;57;No
Dear America, Letters Home from Vietnam;57;No
Where Eagles Dare;57;No
Harry & Son;57;No
Lust for Gold;57;No
A Month in the Country;57;No
Long John Silver;56;No
Outsiders, The;56;No
Psycho;56;No
Courage;56;No
Accidental Tourist, The;56;Yes
Cannibal Women in the Avocado Jungle of Death;56;No
Separate but Equal;56;No
Somebody up There Likes Me;56;No
Best of Eddie Murphy, Saturday Night Live, The;56;No
Mummy's Revenge, The;56;No
Don Juan;55;No
Pocket Money;55;No
Scarlet Letter, The;55;No
Chinatown;55;Yes
Not Without My Daughter;55;No
Deceived;55;No
Dracula's Widow;55;No
Man of La Mancha;55;No
Secret Admirer;55;No
Cloak & Dagger;55;No
Tightrope;55;No
A Coeur Joie, (Head Over Heels);54;No
White Lightning;54;No
Island of Dr. Moreau, The;54;No
Flame of Barbary Coast;54;No
Looking for Mr. Goodbar;54;No
Two Nights with Cleo;54;No
Black Orchid, The;54;No
Madonna, Truth or Dare;54;No
America's Music, Blues;54;No
Whoopee Boys, The;54;No
Between Friends;54;No
Father of the Bride;54;No
Ash Wednesday;54;No
Black Widow;54;No
Paris Blues;54;No
Local Hero;54;No
Up the Creek;54;No
Green Glove;54;No
Les Comperes;54;No
Rawhide, Premiere Episode;54;No
Mummy's Hand, The;54;No
Mosquito Coast, The;54;No
Deadly Trackers;54;No
Another Forty-Eight Hours;54;No
Miles from Home;53;No
A New Life;53;No
Rainbow, The;53;No
High Spirits;53;No
Protocol;53;No
Paris Trout;53;No
See You in the Morning;53;No
Brass Target;53;No
Honeymoon in Vegas;53;No
To Die Standing;53;No
On Wings of Eagles;53;No
Allegheny Uprising;53;No
Yol;53;No
Throwback, The;53;No
Complete Dirty Harry, Magnum Force, The;53;No
Barbarian & the Geisha, The;52;No
Nobody's Fool;52;No
Split Decisions;52;No
Between Two Women;52;No
Slightly Scarlet;52;No
Heller in Pink Tights;52;No
Blood Feud;52;No
Silkwood;52;No
Nuts;52;No
Dark Command;52;No
Dial M for Murder;52;No
Father's Little Dividend;52;No
Survivors, The;52;No
Mystery of the Hooded Horsemen;52;No
Branford Marsalis, Steep;52;No
Lindbergh Kidnapping Case, The;51;No
Flight of the Intruder;51;No
Beyond the Limit;51;No
Shirley Valentine;51;No
Brood, The;51;No
Range Feud, The;51;No
Bodycount;51;No
Desk Set;51;No
Northwest Passage;51;No
Breathless;51;No
Lovesick;51;No
We're No Angels;51;No
A Shot in the Dark;51;No
Lean on Me;51;No
Killing, The;51;No
A Patch of Blue;51;No
Eddie Murphy Raw;51;No
Return of Martin Guerre, The;51;No
Jack Benny Show;51;No
Final Analysis;50;No
Torpedo Run;50;No
Secret Agent;50;No
Big Bust Out, The;50;No
Hombre;50;No
Julius Caesar;50;No
Guess Who's Coming to Dinner;50;Yes
Tin Men;50;No
Desert Trail, The;50;No
Amarcord;50;Yes
Racing with the Moon;50;No
Come Back, Little Sheba;50;Yes
Surf Nazis Must Die;50;No
Tequila Sunrise;50;No
In Too Deep;50;No
Soggy Bottom U. S. A.;50;No
Night Tide;50;No
Murder;50;No
Rhapsody in August;50;No
Catch Twenty-Two;50;No
Wild Bunch, The;50;No
A Man & a Woman: Twenty Years Later;49;No
Vampire's Kiss;49;No
Autumn Sonata;49;Yes
A Woman's Face;49;No
Vagabond;49;No
Seven Minutes in Heaven;49;No
Triumph of the Spirit;49;No
Seems Like Old Times;49;No
Affair in Trinidad;49;No
Quackser Fortune Has a Cousin in the Bronx;49;No
Hard To Kill;49;No
Sophia Loren, Her Own Story;49;No
PK. & the Kid.;49;No
Cool Hand Luke;49;Yes
State of Grace;49;No
Down by Law;49;No
Metropolis;49;No
Spies;49;No
What Comes Around;49;No
Industrial Symphony, The Dream of the Broken-Hearted;49;No
John Wayne Collection, Red River, The;49;No
Siesta;48;No
Misery;48;Yes
Rookie, THe;48;No
A Lesson in Love;48;No
Network;48;Yes
Big Bands, The;48;No
Loves of Carmen, The;48;No
Pat & Mike;48;No
White of the Eye;48;No
Track Twenty-Nine;48;No
Buddy System, The;48;No
One Hundred Rifles;48;No
Fury;48;No
Duel;48;No
Erasure, Live Wild!;48;No
Lucky Texan;48;No
Nadine;47;No
Meridian;47;No
Straight to Hell;47;No
Alrededor de Medianoche;47;No
Paths of Glory;47;No
Young Love: Lemon Popsicle Seven;47;No
Trick or Treat;47;No
Water;47;No
Play Misty for Me;47;No
Young Einstein;47;No
Attack of the Killer Tomatoes;47;No
Santee;47;No
Instant Karma;47;No
Chuka;47;No
A Man & a Woman;46;Yes
Foul Play;46;No
What's New Pussycat?;46;No
Fawlty Towers, Gourmet Night, Waldorf Salad & The Kipper & the Corpse;46;No
Yentl;46;No
Sun Shines Bright, The;46;No
Last Hurrah, The;46;No
Paint Your Wagon;46;No
Conan the Barbarian;45;No
Under the Sun of Satan;45;No
Instant Justice;45;No
Marbella;45;No
Back to the Beach;45;No
Competition, The;45;No
Easy Virtue;45;No
House of the Rising Sun;45;No
Macbeth;45;No
Maurice;45;No
Pleasure Palace;45;No
Pale Rider;45;No
Cocoon;45;Yes
Spider's Stratagem;45;No
Inside Man, The;45;No
Ticket of Leave Man, The;45;No
Full Metal Jacket;45;No
Thirty Seconds over Tokyo;45;No
All the President's Men;45;Yes
How the West Was Won;45;No
Case of the Mukkinese Battle Horn, The;45;No
Cool World;44;No
Wings;44;Yes
Darling;44;Yes
Star Wars;44;No
Jane Eyre;44;No
Hot Pursuit;44;No
Burglar;44;No
A View to a Kill;44;No
Rebel Rousers;44;No
Hand, The;44;No
Encounters;44;No
Cimarron;44;Yes
Doin' Time on Planet Earth;44;Yes
And Now for Something Completely Different;44;No
Joe Piscopo Video, The;44;No
Spencer Tracy Legacy, The;44;No
Dawn Rider, The;44;No
Power;43;No
China Syndrome, The;43;No
Hustler, The;43;Yes
Courtship of Eddie's Father, The;43;No
Night Train to Katmandu, THe;43;No
Jet Pilot;43;No
Pretty Woman;43;No
She-Devil;43;No
Cookie;43;No
Young & Innocent;43;No
West to Glory;43;No
Border Feud;43;No
Blood & Guns;43;No
Wild Strawberries;42;Yes
Notorious;42;No
A Guy Named Joe;42;No
Burbs, The;42;No
Souvenir;42;No
Harvey;42;No
Adventures of Sherlock Holmes' Smarter;42;No
World's Greatest Lover, The;42;No
Hideaways, The;42;No
Permanent Record;42;No
Garden of the Finzi-Continis, The;42;Yes
Legend;42;No
Still of the Night;42;No
Center of the Web;42;No
Good Father, The;42;No
Desperately Seeking Susan;41;No
Castaway;41;No
Beverly Hills Cop;41;No
Man with the Golden Gun, The;41;No
Kandyland;41;No
There's a Girl in My Soup;41;No
Hard Choices;41;No
Kitchen Toto, THe;41;No
Mississippi Burning;41;Yes
Nightmare on Elm Street, Pt. 5, The Dream Child;41;No
Innerspace;41;No
Welcome Home, Roxy Carmichael;41;No
Kissing Place, The;41;No
Basic Instinct;41;No
Sicilian, The;41;No
Critical Condition;41;No
Angelic Conversation, The;41;No
Kings of the Road (In the Course of Time);41;No
Hollywood's Greatest War Movies;41;No
Miami Cops;40;No
Mother Lode;40;No
Quick & The Dead, The;40;No
Paramount Comedy Theater: Well-Developed;40;No
I Love All of You (Je Vous Aime);40;No
Ninotchka;40;No
Slumber Party Massacre III;40;No
Last of the Red Hot Lovers;40;No
Gold of Naples, The;40;No
Man Who Loved Cat Dancing, The;40;No
Red Sonja;40;No
International Velvet;40;No
Maximum Overdrive;40;No
Stir Crazy;40;No
Wrong Box, The;40;No
Idiot, The;40;No
Shadows of the West;40;No
Persuaders, The Overture, The;40;No
Once upon a Wheel;40;No
Official Story, The;39;Yes
Island of Dr. Moreau, The;39;No
Ms. Don Juan;39;No
Rope;39;No
Judgment at Nuremberg;39;Yes
Monster in the Closet;39;No
Tom Jones;39;Yes
Hamlet;39;No
Rome Adventure;39;No
Fellow Traveller;39;No
Christopher Columbus: The Discovery;39;No
Last of Sheila, The;39;No
American Graffiti;39;Yes
Legal Eagles;39;No
Victory;39;No
Maitresse;39;No
Naked Night, The;38;No
Charly;38;Yes
Campus Man;38;No
White Sands;38;No
Lady from Louisiana;38;No
Blue City;38;No
West Side Story;38;Yes
Heavens Above;38;No
Runaway Barge, The;38;No
James Taylor in Concert;38;No
Bloodbath;37;No
That Naughty Girl;37;No
Road to Hong Kong;37;No
Beverly Hills Cop II;37;No
Shop on Main Street, The;37;Yes
French Lieutenant's Woman, The;37;No
Hour of the Wolf;37;No
Fuzz;37;No
Good Morning, Vietnam;37;No
Operation Nam;37;No
Germicide;36;No
Samson & Delilah;36;No
Easy Rider;36;No
People, The;36;No
Wheel of Fortune;36;No
Videodrome;36;No
Bobby Deerfield;36;No
Under Cover;36;No
Woman Times Seven;36;No
Two Mules for Sister Sara;36;No
From the Hip;36;No
Mistress;36;No
Lilies of the Field;36;Yes
Hard Ticket to Hawaii;36;No
Unnamable II, The Statement of Randolph Carter, The;36;No
Kids & Pesticides;36;No
Secret Policeman's Private Parts, The;36;No
Green Berets, The;36;No
Ikiru;36;No
Midway;36;No
Torn Curtain;35;No
Burnt Offerings;35;No
Snow Kill;35;No
Anna Karenina;35;Yes
American Friend, The;35;No
Sunshine Boys, The;35;Yes
Return of October;35;No
Au Revoir les Enfants;35;No
Final Countdown, The;35;No
Seventh Cross, The;35;No
Grim Reaper, The;35;No
Too Beautiful for You;35;No
Matt Talbot;35;No
Fighting Seabees, The;35;No
Mutiny on the Bounty;35;No
Lawless Frontier, The;35;No
Ravishing Idiot, The;34;No
Europa Fifty-One;34;No
Rabid;34;No
Voyage of the Damned;34;No
Naked Truth, The;34;No
Electric Horseman, The;34;No
Dragon Seed;34;No
Yellowbeard;34;No
Into the Homeland;34;No
Matador;34;No
Caddyshack 2;34;No
Quiller Memorandum, The;34;No
For a Few Dollars More;34;No
Manhunt, The;34;No
Steve Martin, The Funnier Side of Eastern Canada;34;No
Elena & Her Men;33;No
One Frightened Night;33;No
Fly, The;33;No
Court-Martial of Jackie Robinson, The;33;No
Hunchback;33;No
Empire Strikes Back, The;33;No
Napoleon & Samantha;33;No
Tempest;33;No
Casablanca Express;33;No
Producers, The;33;No
All New Tales from the Crypt, A Trilogy;33;No
After Dark My Sweet;33;No
Scalphunters, The;33;No
Monty Python's the Meaning of Life;33;No
Midnight Cowboy;33;Yes
Pals of the Saddle;33;No
Camille Claudel;32;No
Walpurgis Night;32;No
Intermezzo;32;No
Party, The;32;No
Moonraker;32;No
Shining, The;32;No
Jubal;32;No
My Left Foot;32;Yes
Unforgiven, The;32;No
Last Temptation of Christ, The;32;No
Terms of Endearment;32;Yes
Immaculate Collection, The;32;No
Scanners;32;No
Passenger, The;32;No
Ironweed;32;No
Apache Woman;32;No
Rachel, Rachel;32;No
Shadow of a Doubt;32;No
Freshman, The;32;No
Let It Rock;32;No
Running Man, The;31;No
Secret Beyond the Door;31;No
Bells of St. Mary's, The;31;No
Think Dirty;31;No
Night Gallery;31;No
Stacey!;31;No
Juice;31;No
Shock 'em Dead;31;No
Being There;31;Yes
My Best Girl;31;No
Roller Blade;31;No
Falling in Love;31;No
Little Prince, The;31;No
Ranger of the Cherokee Strip;31;No
North to Alaska;31;No
No Regrets for Our Youth;31;No
Cyborg;31;No
Gangbusters;31;No
A Very Private Affair;30;No
Wagon Master;30;No
Valley Girl;30;No
Winter People;30;No
John Wayne Matinee Double Feature, No. 1;30;No
Going Under;30;No
Funny Farm;30;No
Missing;30;No
Funny Girl;30;Yes
Amazon;30;No
Bright Lights, Big City;30;No
Chattahoochee;30;No
Tom Thumb;30;No
Riders of Destiny;30;No
And God Created Woman;29;No
Exorcist II, The Heretic;29;No
Dead Ringers;29;No
Circus World;29;No
Port of Call;29;No
Moon in the Gutter, The;29;No
Fiendish Plot of Dr. Fu Manchu, The;29;No
Monte Walsh;29;No
Wait Until Spring Bandini;29;No
Wings of Eagles, The;29;No
Police Academy 6: City under Siege;29;No
Money, The;29;No
Butch Cassidy & the Sundance Kid;29;Yes
French Lesson;29;No
Mr. & Mrs. Bridge;29;No
Ginger & Fred;29;No
Spiders;29;No
Prom Night III, The Last Kiss;29;No
Culpepper Cattle Company, The;29;No
Alamo, The;29;No
Saint, The;29;No
American Angels: Baptism of Blood, The;28;No
Patriot Games;28;No
Exorcist, The;28;Yes
Father Murphy, A Horse from Heaven;28;No
QB VII;28;Yes
Elvira Madigan;28;No
Risky Business;28;No
Doughnuts & Society;28;No
Sugarland Express, The;28;No
Stewardess School;28;No
After the Shock;28;No
Trouble with Harry, The;28;No
Drowning by Numbers;28;No
Cadillac Man;28;No
Cousins;28;No
Last Tango in Paris;28;No
Ladykillers, The;28;No
Thirty Is a Dangerous Age, Cynthia;28;No
Magnum Force;28;No
Secret War of Harry Frigg, The;28;No
John Wayne Matinee Double Feature, No. 4;28;No
Neath the Arizona Skies;28;No
Spy Who Loved Me, The;27;No
Pet Sematary;27;No
Outer Limits, The;27;No
Stark;27;No
Gardens of Stone;27;No
Paris, Texas;27;No
Lady Vanishes;27;No
Glory Stompers, The;27;No
Hollywood Out-Takes & Rare Footage;27;No
Control;27;No
Silent Movie;27;No
Lone Star Trail, The;27;No
U S. Sub Standard.;27;No
Men, The;27;No
Dakota;27;No
Human Desire;27;No
In Old California;27;No
Only One Night;26;No
Naked Obsession;26;No
Woman Who Came Back;26;No
Greatest Story Ever Told, The;26;No
Long Gray Line, The;26;No
Wild One, The;26;No
Freejack;26;No
Partner;26;No
Return Engagement;26;No
One Eyed Jacks;26;No
Ride in the Whirlwind;26;No
Powderkeg;26;No
Empire of Spiritual Ninja;26;No
Rocket Gibraltar;26;No
Dead Pool, The;26;No
Great White Death;26;No
Maverick, Duel at Sundown;26;No
Left Handed Gun, The;26;No
Salsa: The Motion Picture;26;No
Mademoiselle Striptease;25;No
Gaslight;25;Yes
Boy Who Could Fly, The;25;No
Working Girl;25;No
Philadelphia Story, The;25;No
Rear Window;25;No
Erik the Viking;25;No
Green Card;25;No
Nothing But Trouble;25;No
Wisdom;25;No
Wholly Moses!;25;No
Crack-Up;25;No
Violent Men, The;25;No
Prizzi's Honor;25;Yes
Bounty, The;25;No
Survival Zone;25;No
Street People;25;No
Wrong Arm of the Law, The;25;No
Raging Bull;25;No
Hearts of Fire;25;No
Today We Kill....Tomorrow We Die;25;No
Anastasia;24;Yes
Quick Change;24;No
Fair Game;24;No
Seven Sinners;24;No
Nineteen Forty-One;24;No
Final Terror, The;24;No
Postman Always Rings Twice, The;24;No
A Certain Sacrifice;24;No
Black & White in Color;24;Yes
Night on Earth;24;No
Smallest Show on Earth, The;24;No
Lonely Passion of Judith Hearne, The;24;No
Bird;24;No
Savage Intruder, The;24;No
Killer Tomatoes Strike Back;24;No
Scream;24;No
La Chevre, (The Goat);24;No
Monty Python's Flying Circus, Vol 1.;24;No
Strange Brew;24;No
John Wayne Matinee Double Feature, No. 3;24;No
Colors;23;No
Mannequin;23;No
All about Eve;23;Yes
Barfly;23;No
Intimate Stranger;23;No
Girl from Petrovka, The;23;No
On Golden Pond;23;Yes
Raising Arizona;23;No
Mystery Train;23;No
A Smoky Mountain Christmas;23;No
Twins;23;No
Impulse;23;No
Squeeze, The;23;No
I Died a Thousand Times;23;No
Class of 1984;23;No
Flying Leathernecks;23;No
Othello, The Lost Masterpiece;23;No
Shakespeare Series;23;No
I'm All Right Jack;23;No
Hell Town;23;No
Sagebrush Trail;23;No
Bloopers from Star Trek;22;No
Big Trail, The;22;No
Alice;22;No
Wildcats;22;No
Little Women;22;No
Jerk, The;22;No
Last Movie, The;22;No
Hellfighters;22;No
Desiree;22;No
Altered States;22;No
Code Name, Emerald;22;No
Escape from Alcatraz;22;No
Hollywood Mavericks;22;No
John Wayne Western Greats, Rio Bravo;22;No
Rainmaker, The;21;No
My Life As a Dog;21;No
Wild Geese, The;21;No
Second Coming of Suzanne., The;21;No
Ratings Game, The;21;No
Super Duper Bloopers;21;No
Elizabeth Taylor Collection, The;21;No
They Came from Within;21;No
Orphans;21;No
Boys Town;21;Yes
Fighting Vigilantes, The;21;No
My Country Right or Wrong;21;No
Devil's Eye, The;20;No
Vincent, Francois, Paul & the Others;20;No
Best of the Big Laff Off, The;20;No
Like Father Like Son;20;No
Puppet Master;20;No
A Stolen Life;20;No
Wait Until Spring, Bandini;20;No
La Dolce Vita;20;No
Purple Rose of Cairo, The;20;Yes
Masculine Feminine;20;No
King Kong Lives!;20;No
A Man for All Seasons;20;Yes
Mission, The;20;No
Children of a Lesser God;20;Yes
Gotta Dance, Gotta Sing;20;No
North by Northwest;20;No
Steppenwolf;20;No
Endless Love;20;No
Picasso Trigger;20;No
Roadhouse Sixty-Six;20;No
Quintet;19;No
Big Fix, The;19;No
Dollar;19;No
Skull;19;No
Stand & Deliver;19;No
Manhunter;19;No
Adventures in Dinosaur City;19;No
Flashback;19;No
Crashing Thru;19;No
Flatliners;19;No
Sayonara;19;Yes
Santa Claus, The Movie;19;No
Edison the Man;19;No
Shadow of the Eagle, The;19;No
Hot Money;19;No
Cries & Whispers;18;Yes
Catch a Rising Star, Tenth Anniversary;18;No
School Daze;18;No
Old Maid, The;18;No
Women in Love.;18;No
Gauntlet, The;18;No
Modern Love;18;No
She's Having a Baby;18;No
Witches, The;18;No
Bold Frontiersman, The;18;No
Inherit the Wind;18;No
Comedy Tonight;18;No
Tragedy of a Ridiculous Man;17;No
Frantic;17;No
Heroes;17;No
Terminator, The;17;No
Business As Usual;17;No
Cocaine Cowboys;17;No
So Fine;17;No
Big Top Pee-wee;17;No
Riders of Pasco Basin;17;No
Strangers on a Train;17;No
Joe Versus the Volcano;17;No
Bloody Mama;17;No
Night Is My Future;17;No
Crackers;17;No
Tex Rides with the Boy Scouts;17;No
Hiroshima;17;No
Voulez-Vous Danser Avec Moi?;16;No
Hideaways;16;No
Twenty Four Hours in a Woman's Life;16;No
Running Out of Luck;16;No
Lair of the White Worm, The;16;No
Hurricane Smith;16;No
Lady from Shanghai;16;No
Some Kind of Wonderful;16;No
Young Sherlock Holmes;16;No
Thunderbolt & Lightfoot;16;No
Wise Guys;16;No
Ensign Pulver;16;No
Yakuza, The;16;No
Red River;16;No
Scrooged;15;No
Blood Alley;15;No
A Woman Called Golda;15;Yes
Good Fellas;15;No
Vampire Raiders, Ninja Queen;15;No
Appaloosa, The;15;No
Man Who Knew Too Much, The;15;No
Love Songs;15;No
Le Choix des Armes;15;No
Klute;15;Yes
Ninja Masters of Death;15;No
Deep Cover;15;No
Days of Heaven;14;No
Target Eagle;14;No
Dreams;14;No
Batman;14;No
June Night;14;No
Fourth Protocol, The;14;No
Beauty & the Beast;14;No
Broadway Danny Rose;14;No
Reckless;14;No
Housesitter;14;No
Deceivers, The;14;No
Almost an Angel;14;No
Big Jim McLain;14;No
Pelle the Conqueror;14;Yes
Joe Piscopo New Jersey Special;14;No
Bill Cosby, Live at Harrah's;13;No
Golden Ninja Invasion;13;No
America's Music, Gospel;13;No
Desire under the Elms;13;No
Test Pilot;13;No
Death of a Salesman;13;No
Exodus;13;No
Cocktail;13;No
Stakeout;13;No
Last Time I Saw Paris, The;13;No
Sounds of the Seventies...& the Beat Goes;13;No
Judgement in Berlin;13;No
Cry of the Innocent;13;No
Lady for a Night;12;No
Penn & Teller Get Killed;12;No
Best of Candid Camera, The;12;No
Minsky's Follies;12;No
My Darling Clementine;12;No
Woman of the Year;12;No
Pink Cadillac;12;No
Sweet Liberty;12;No
Little Dorrit;12;No
Ferris Bueller's Day Off;12;No
Cahill, United States Marshal;12;No
A Big Hand for the Little Lady;12;No
Topaz;12;No
Sweet Smell of Success;12;No
Prisoner of Zenda, The;12;No
Exile in Concert;12;No
Casino Royale;11;No
Elephant Walk;11;No
Killers of Kilimanjaro;11;No
No Mercy;11;No
Sundays & Cybele;11;Yes
Bloodbrothers;11;No
Shining Through;11;No
Tom Sawyer;11;No
Stanley & Livingstone;11;No
Big Town, The;11;No
Hawks;11;No
Teahouse of the August Moon;11;No
Star Trek VI: The Undiscovered Country;11;No
Summer;11;No
Madame Rosa;11;Yes
Coming to America;11;No
California Suite;11;Yes
Monty Python's Life of Brian;11;No
Harlem Nights;11;No
Clint Eastwood Collection, The;11;No
Carnal Knowledge;10;No
Day for Night;10;Yes
Kiss of the Spider Woman;10;Yes
Fire & Rain;10;No
Life with Father;10;No
Rain Killer, The;10;No
My Fair Lady;10;Yes
If Looks Could Kill;10;No
Blame It on Rio;10;No
El Cid;10;No
No Small Affair;10;No
Vertigo;10;No
Going for the Gold;10;No
Young Lions, The;10;No
Clockwise;10;No
Mr Love.;10;No
Frisco Kid, The;10;No
Final Alliance, The;10;No
Eighty-Four Charing Cross Road;9;No
Lionheart;9;No
Morituri;9;No
Tango & Cash;9;No
Masque of the Red Death;9;No
Judge Priest;9;No
Boxing Babes;9;No
Fire with Fire;9;No
Dead-Bang;9;No
Glitz;9;No
Naked Gun: From the Files of Police Squad!, THe;9;No
Basil The Rat;9;No
Plenty;9;No
Back to the Future;9;No
Bandolero!;9;No
Hannie Caulder;9;No
Searchers, The;9;No
Seven Samurai;9;No
Deadline;9;No
Death Valley Days, Deadly Decision;9;No
Raiders of the Lost Ark;8;No
Hawaii;8;No
Thunderball;8;No
Murder on the Orient Express;8;Yes
Le Repos Du Guerrier, (Warrior's Rest);8;No
E. T. The Extra-Terrestrial;8;Yes
Never Say Never Again;8;No
Witches of Eastwick, The;8;No
Killer Image.;8;No
Hannah & Her Sisters;8;Yes
Hurricane;8;No
Silence of the Lambs, The;8;Yes
Tootsie;8;Yes
Rain Man;8;Yes
Terminator 2;8;No
Highlander;8;No
Addams Family, The;8;No
Born on the Fourth of July;8;Yes
Awakenings;8;No
Godfather, The;8;Yes
Godfather, Pt 2., The;8;Yes
Bullseye!;8;No
Boy Friend, THe;8;No
Robin Hood: Prince of Thieves;8;No
Dances with Wolves;8;Yes
Top Gun;8;No
Scenes from a Mall;8;No
New York, New York;8;No
Mister Roberts;8;Yes
Torn Apart;8;No
Married to the Mob;8;No
Packin' It In;8;No
Fisher King, The;8;Yes
Diamonds are Forever;8;No
Romantic Comedy;8;No
Total Recall;8;No
Kramer vs. Kramer;8;Yes
Virgin Spring, The;8;Yes
Name of the Rose, The;8;No
Torment;8;No
Apocalypse Now;8;No
Pioneer Marshal;8;No
Firemen's Ball, The;8;No
Thirty-Nine Steps, The;8;No
Hunt for Red October, The;8;No
Patton;8;Yes
Indiana Jones & the Last Crusade;8;No
Platoon;8;Yes
Dead Poets Society;8;Yes
Lawless Frontier;8;No
Dr. No;7;No
Big Blue, The;7;No
Blind Date;7;No
Nine & a Half Weeks;7;No
Gandhi;7;Yes
Joan of Arc;7;No
Shy People;7;No
A Fish Called Wanda;7;Yes
Great Train Robbery, The;7;No
Bedtime Story;7;No
Priceless Beauty;7;No
Cape Fear;7;No
Naked Lie;7;No
Another Woman;7;No
Bad Boys;7;No
Outland;7;No
Border Shootout;7;No
Dangerous Moves;7;Yes
Paper Chase, The;7;Yes
Longest Day, The;7;No
Bellboy & the Playgirls, The;7;No
Untouchables, The;7;Yes
Red Tent, The;7;No
Sometimes a Great Notion;7;No
Appointment in Honduras;7;No
Battleground, The;7;No
Two-Way Stretch;7;No
Hurricane Express;7;No
Cuba;6;No
Subway;6;No
Un Hombre y una Mujer;6;Yes
Sammy & Rosie Get Laid;6;No
Goodbye Again;6;No
Amadeus;6;Yes
Medicine Man;6;No
End of Innocence, The;6;No
Moonstruck;6;Yes
Wild at Heart;6;No
Morning After, The;6;No
Jaws;6;No
Wall Street;6;Yes
Overboard;6;No
Robin & Marian;6;No
Crossing Delancey;6;No
Swing It Sailor!;6;No
I Will, I Will...For Now;6;No
Goodbye Girl, The;6;Yes
Color of Money, The;6;Yes
Cat Chaser;6;No
House on Carroll Street, The;6;No
Ghost;6;Yes
La Femme Nikita;6;No
Web of Deceit;6;No
New York Stories;6;No
Quo Vadis;6;No
Zardoz;6;No
Police Academy 3: Back in Training;6;No
Empire of the Sun;6;No
Blue Velvet;6;No
Driving Miss Daisy;6;Yes
Passion of Anna, The;6;No
A Fine Madness;6;No
Vanishing Westerner;6;No
Eddie Murphy, Delirious;6;No
Chariots of Fire;6;Yes
Man Who Would Be King, The;6;No
Killing Fields, The;6;Yes
Sanjuro;6;No
Will Rogers, Look Back in Laughter;6;No
Executive Action;6;No
Garrison Keillor's Home;6;No
From Russia with Love;6;No
Offence, The;6;No
Live at Harrah's;6;No
Hallelujah Trail, The;6;No
What about Bob?;6;No
Tommy;5;No
Unbearable Lightness of Being, The;5;Yes
Do the Right Thing;5;No
Family Business;5;No
Time Bandits;5;No
Nights in White Satin;5;No
Rita, Sue & Bob Too;5;No
Enemies, a Love Story;5;No
Casino;5;No
Operation Pacific;5;No
Comfort of Strangers, The;5;No
Shooting Elizabeth;5;No
Trapper County War;5;No
Secret of My Success, The;5;No
Sword of the Valiant;5;No
Big Shots;5;No
Meteor;5;No
Time Lock;5;No
Danton;5;No
Van, The;5;No
Never Let Go;5;No
McQ;5;No
What Price Glory?;4;No
Tonight for Sure;4;No
Terrorists, The;4;No
Return of the Jedi;4;No
Plain Clothes;4;No
Rumble Fish;4;No
Losin' It;4;No
Out of the Blue;4;No
Hook;4;No
Presidio, The;4;No
Le Charme Discret de la Bourgeoisie;4;Yes
Fort Apache;4;No
Crimes of Passion;4;No
Sea Chase, The;4;No
Another Time, Another Place;4;No
Magic Town;4;No
Modern Times;4;No
Testament of Dr. Mabuse, The;4;No
Monty Python's Flying Circus;4;No
Robin Williams;4;No
Alan & Naomi;3;No
Elephant Man, The;3;Yes
O. C. & Stiggs;3;No
Molly Maguires, The;3;No
Star Chamber, The;3;No
Johnny Dangerously;3;No
Strictly Business;3;No
Paper Moon;3;Yes
Days of Thunder;3;No
Mr. & Mrs. Smith;3;No
Internal Affairs;3;No
Hope & Glory;3;No
Four American Composers;3;No
Russia House, The;3;No
Adam at 6 A.M.;3;No
River's Edge;3;No
Magician, The;3;No
Scenes from a Marriage;3;Yes
Fortune Cookie, The;3;Yes
Fugitive Kind, The;3;No
His Majesty O'Keefe;3;No
Dark Age;3;No
This Is Horror;3;No
Primal Rage;3;No
Steve Martin Live!;3;No
Two Jakes, The;3;No
John Wayne Collector's Limited Edition;3;No
John Wayne Matinee Double Feature, No. 2;3;No
Lawless Nineties, The;3;No
Blackmail;2;No
Mary White;2;No
Wind & the Lion, The;2;No
A Walk in the Spring Rain;2;No
Five Easy Pieces;2;No
Gor;2;No
Tokyo Pop;2;No
Marnie;2;No
Hoosiers;2;No
Running on Empty;2;No
Racketeer;2;No
Running Away;2;No
Curly Sue;2;No
Reuben, Reuben;2;No
Hud;2;Yes
Treasure Seekers, The;2;No
So Ends Our Night;2;No
Winter Light;2;No
Eraserhead;2;No
Taming of the Shrew, The;2;No
Out for Justice;2;No
Indiscreet;1;No
Anderson Tapes, The;1;No
Stavisky;1;No
Holocaust;1;No
Coming Home;1;Yes
Blade Runner;1;No
A Show of Force;1;No
Dead Calm;1;No
Ratboy;1;No
Operation Crossbow;1;No
Hells Angels on Wheels;1;No
An Officer & a Gentleman;1;Yes
Last Emperor, The;1;Yes
Wagonmaster;1;No
Law of the Golden West;1;No
Conversation Piece;1;No
Death Valley Days, No Gun Behind His Badge;1;No
Cheyenne, The Iron Trail;1;No
Shalako;0;No
Nightmare at Noon;0;No
Airport;0;Yes
It's My Turn;0;No
Anna Christie;0;No
Hot Child in the City;0;No
Flame & the Arrow, The;0;No
After the Rehearsal;0;No
Shout at the Devil;0;No
A Chorus of Disapproval;0;No
Employee's Entrance;0;No
Tales of Tomorrow;0;No
