CS,online
CS,offline
CS,offline
CS,offline
ME,offline
BIO,offline
CS,online
CS,offline
CS,offline
CS,online
BIO,offline
CS,offline
CS,offline
CS,offline
CS,offline
BIO,offline
ME,offline
CS,offline
CS,online
CS,offline
CS,offline
ME,offline
CS,online
CS,online
CS,online
CS,online
CS,offline
CS,online
CS,online
CS,online
CS,offline
CS,online
CS,offline
CS,online
CS,offline
CS,online
BIO,offline
CS,online
CS,online
CS,offline
ME,offline
ME,offline
CS,online
ME,offline
BIO,offline
CS,online
CS,online
ME,offline
CS,online
CS,offline
CS,online
CS,offline
ME,offline
CS,offline
CS,online
CS,online
CS,online
CS,online
CS,offline
CS,online
CS,online
CS,offline
CS,offline
CS,online
ME,offline
CS,online
CS,online
ME,online
CS,offline
CS,online
CS,online
CS,offline
CS,online
ME,online
ME,offline
CS,offline
CS,offline
CS,online
CS,online
CS,online
CS,offline
CS,online
CS,offline
CS,offline
CS,online
CS,offline
ME,online
BIO,offline
CS,online
ME,offline
CS,online
ME,offline
CS,online
CS,online
CS,online
ME,offline
BIO,offline
CS,online
ME,offline
CS,online
CS,offline
CS,offline
CS,offline
CS,offline
CS,offline
CS,offline
CS,offline
CS,online
CS,offline
CS,online
ME,offline
ME,offline
CS,online
CS,offline
CS,online
CS,online
CS,offline
CS,offline
CS,online
ME,offline
CS,online
CS,online
BIO,offline
CS,online
CS,online
CS,offline
CS,online
CS,offline
BIO,offline
ME,online
CS,online
CS,offline
CS,offline
CS,online
CS,online
CS,online
CS,offline
CS,online
CS,offline
CS,online
CS,offline
BIO,offline
ME,offline
BIO,offline
BIO,offline
CS,online
CS,online
CS,online
CS,online
CS,offline
ME,online
CS,offline
CS,offline
BIO,offline
BIO,offline
ME,offline
CS,online
CS,online
CS,online
CS,offline
CS,offline
ME,offline
CS,online
CS,offline
CS,online
CS,offline
ME,offline
CS,online
CS,offline
CS,online
ME,offline
CS,online
CS,offline
CS,offline
CS,offline
CS,offline
BIO,offline
CS,online
CS,offline
CS,offline
CS,offline
CS,offline
CS,online
CS,online
CS,offline
CS,online
CS,offline
CS,online
CS,online
CS,offline
CS,offline
CS,online
ME,offline
CS,offline
ME,offline
ME,offline
ME,offline
ME,online
BIO,offline
ME,offline
CS,online
ME,online
CS,offline
CS,offline
CS,online
CS,offline
BIO,offline
CS,online
CS,online
CS,online
CS,offline
CS,offline
ME,offline
CS,online
CS,online
BIO,offline
CS,offline
ME,offline
CS,online
CS,online
CS,online
CS,offline
CS,online
CS,online
CS,offline
CS,offline
CS,online
ME,offline
CS,online
CS,online
CS,offline
CS,online
CS,offline
ME,offline
CS,online
CS,offline
ME,offline
CS,online
CS,online
CS,offline
CS,online
CS,online
CS,online
ME,online
CS,offline
CS,online
CS,online
CS,online
CS,online
CS,offline
CS,online
CS,offline
CS,online
CS,offline
CS,online
ME,offline
CS,offline
CS,offline
CS,online
CS,offline
CS,offline
CS,offline
CS,online
CS,online
CS,offline
CS,offline
CS,online
CS,offline
ME,offline
CS,offline
CS,offline
ME,offline
CS,offline
CS,online
BIO,offline
ME,offline
CS,online
CS,online
CS,offline
CS,online
CS,offline
CS,offline
CS,offline
CS,online
CS,offline
CS,online
CS,offline
CS,online
CS,online
CS,offline
CS,offline
CS,online
CS,online
CS,online
BIO,online
BIO,offline
CS,offline
CS,online
CS,offline
CS,online
CS,offline
CS,offline
CS,offline
CS,online
CS,offline
CS,online
CS,online
BIO,offline
CS,offline
ME,online
CS,online
CS,offline
CS,offline
ME,offline
ME,offline
CS,online
CS,online
CS,offline
CS,online
CS,online
ME,offline
CS,online
CS,online
CS,offline
CS,offline
CS,online
CS,online
BIO,offline
CS,online
CS,online
CS,offline
ME,offline
CS,online
CS,online
CS,online
CS,offline
CS,online
CS,online
CS,online
CS,offline
CS,offline
CS,offline
CS,offline
ME,offline
CS,online
CS,online
CS,online
CS,offline
CS,offline
CS,online
CS,online
CS,online
CS,offline
CS,offline
BIO,online
BIO,offline
CS,online
ME,offline
CS,offline
ME,offline
ME,online
CS,online
CS,online
CS,offline
CS,offline
BIO,offline
CS,offline
CS,offline
CS,online
CS,online
CS,offline
ME,offline
CS,offline
CS,offline
CS,online
CS,offline
BIO,online
CS,offline
ME,offline
ME,offline
CS,offline
CS,offline
ME,online
CS,online
CS,online
BIO,offline
CS,online
CS,online
CS,online
CS,online
ME,offline
CS,offline
CS,online
CS,offline
ME,online
ME,online
CS,online
BIO,offline
CS,offline
CS,offline
CS,online
CS,offline
CS,offline
CS,offline
CS,online
CS,offline
ME,online
CS,offline
CS,online
CS,offline
CS,offline
CS,online
CS,online
CS,offline
CS,online
CS,online
CS,online
CS,offline
CS,online
CS,offline
CS,online
CS,online
ME,offline
CS,online
CS,online
CS,online
ME,offline
CS,online
CS,offline
ME,offline
BIO,offline
CS,online
CS,offline
CS,offline
ME,online
CS,online
CS,offline
CS,offline
ME,offline
CS,offline
CS,offline
CS,online
CS,offline
BIO,offline
CS,offline
CS,online
ME,offline
CS,offline
CS,offline
CS,online
CS,offline
CS,offline
CS,offline
CS,offline
CS,online
ME,offline
CS,online
CS,offline
ME,offline
CS,online
CS,offline
ME,offline
CS,offline
CS,offline
CS,offline
CS,offline
CS,offline
CS,online
CS,offline
CS,online
CS,online
CS,online
CS,online
CS,online
CS,offline
BIO,offline
CS,offline
CS,online
CS,online
BIO,online
CS,online
CS,online
CS,offline
CS,offline
BIO,online
CS,online
CS,online
CS,online
CS,offline
CS,offline
BIO,offline
CS,online
CS,online
ME,offline
ME,offline
CS,online
ME,offline
ME,online
CS,online
CS,online
CS,online
ME,offline
CS,online
CS,online
CS,offline
CS,online
CS,offline
CS,online
ME,offline
CS,online
CS,online
CS,offline
CS,offline
BIO,offline
ME,offline
CS,offline
CS,offline
ME,online
CS,offline
CS,offline
CS,offline
CS,online
ME,online
CS,offline
CS,offline
CS,online
CS,offline
CS,online
BIO,offline
CS,online
CS,online
CS,offline
CS,online
CS,online
CS,offline
CS,online
BIO,offline
CS,online
CS,offline
BIO,offline
ME,offline
CS,online
CS,offline
CS,offline
CS,online
ME,offline
CS,offline
CS,online
CS,offline
CS,online
ME,offline
ME,offline
CS,offline
CS,online
CS,online
CS,offline
ME,offline
CS,offline
CS,offline
CS,online
CS,online
CS,offline
ME,online
CS,online
CS,offline
CS,offline
CS,offline
BIO,offline
CS,online
CS,offline
BIO,offline
CS,online
CS,online
CS,offline
CS,offline
CS,offline
ME,offline
CS,offline
CS,online
CS,offline
CS,offline
CS,offline
CS,online
BIO,offline
CS,online
BIO,offline
CS,offline
CS,offline
CS,online
CS,offline
CS,offline
BIO,offline
ME,offline
CS,online
CS,offline
CS,offline
BIO,offline
ME,offline
CS,offline
BIO,offline
CS,offline
CS,offline
ME,offline
CS,online
CS,online
CS,online
CS,online
CS,online
CS,online
CS,offline
CS,offline
CS,offline
ME,online
CS,offline
CS,offline
CS,offline
CS,online
ME,offline
BIO,offline
CS,offline
ME,offline
CS,offline
CS,offline
CS,offline
CS,offline
CS,online
CS,offline
CS,online
CS,online
CS,online
BIO,offline
CS,online
CS,online
CS,online
CS,online
CS,offline
CS,offline
CS,offline
CS,offline
CS,online
CS,online
CS,offline
CS,online
CS,offline
ME,offline
CS,offline
CS,online
CS,online
CS,offline
CS,online
CS,online
CS,online
CS,offline
ME,offline
CS,offline
CS,offline
CS,offline
ME,offline
CS,online
CS,online
CS,offline
CS,offline
CS,offline
CS,offline
CS,offline
CS,offline
CS,online
CS,offline
CS,offline
CS,online
CS,online
BIO,offline
ME,offline
CS,offline
ME,offline
CS,offline
CS,offline
CS,offline
BIO,offline
CS,online
CS,online
CS,offline
ME,offline
CS,offline
CS,offline
CS,offline
CS,offline
CS,offline
CS,online
CS,offline
CS,online
CS,offline
CS,online
CS,offline
CS,online
CS,offline
CS,online
CS,online
ME,online
BIO,offline
BIO,offline
CS,offline
CS,offline
BIO,offline
ME,offline
CS,offline
CS,online
CS,offline
CS,online
CS,offline
CS,online
CS,online
CS,offline
CS,online
CS,online
CS,online
CS,offline
CS,offline
CS,offline
CS,online
CS,offline
CS,online
CS,offline
BIO,offline
CS,offline
CS,offline
CS,offline
CS,online
CS,online
CS,online
CS,online
CS,offline
CS,offline
ME,offline
CS,offline
CS,offline
CS,offline
BIO,offline
ME,online
CS,online
CS,offline
CS,online
CS,offline
CS,online
BIO,online
CS,offline
CS,online
BIO,offline
CS,offline
BIO,offline
CS,online
CS,offline
ME,online
CS,online
ME,offline
ME,offline
CS,online
CS,offline
ME,offline
CS,offline
CS,online
BIO,offline
CS,offline
CS,offline
CS,online
CS,offline
CS,offline
ME,offline
CS,offline
CS,online
CS,online
CS,offline
CS,offline
CS,offline
ME,offline
CS,online
CS,online
CS,offline
ME,offline
CS,offline
ME,offline
CS,online
CS,offline
BIO,offline
ME,offline
CS,online
CS,offline
ME,offline
ME,offline
BIO,offline
BIO,offline
CS,offline
CS,online
CS,online
CS,offline
CS,online
CS,online
ME,offline
CS,offline
CS,offline
BIO,offline
CS,online
CS,offline
ME,offline
CS,offline
CS,online
CS,offline
BIO,offline
CS,online
CS,online
CS,online
CS,online
CS,online
CS,offline
ME,offline
BIO,offline
CS,offline
CS,online
CS,online
CS,online
CS,online
CS,offline
CS,online
CS,online
CS,offline
CS,offline
CS,offline
CS,offline
CS,online
CS,offline
CS,offline
CS,online
CS,offline
CS,offline
CS,offline
CS,online
CS,online
CS,online
ME,offline
CS,online
CS,online
CS,online
CS,online
ME,offline
CS,online
CS,online
CS,offline
CS,offline
CS,offline
CS,online
CS,offline
CS,offline
CS,offline
CS,online
CS,offline
CS,offline
CS,offline
ME,offline
CS,offline
ME,online
CS,online
CS,offline
BIO,offline
ME,offline
CS,online
CS,offline
CS,online
CS,online
CS,offline
CS,offline
CS,offline
BIO,online
CS,offline
ME,offline
ME,offline
CS,offline
CS,online
CS,offline
CS,offline
ME,offline
CS,online
CS,online
CS,online
CS,offline
CS,online
ME,offline
CS,online
CS,online
CS,online
CS,offline
CS,online
CS,online
CS,offline
CS,online
CS,offline
CS,online
ME,online
ME,offline
BIO,offline
CS,offline
ME,offline
CS,offline
ME,offline
CS,offline
CS,offline
CS,offline
CS,online
CS,online
CS,offline
ME,offline
CS,offline
CS,offline
BIO,offline
CS,online
CS,offline
CS,online
CS,offline
CS,online
CS,online
CS,offline
BIO,online
CS,online
CS,online
CS,offline
CS,online
CS,online
BIO,offline
CS,offline
CS,offline
CS,online
CS,offline
CS,offline
CS,offline
CS,offline
ME,offline
CS,online
ME,offline
CS,offline
ME,offline
CS,online
CS,online
CS,online
CS,online
CS,online
CS,offline
CS,offline
CS,offline
CS,online
CS,offline
CS,offline
CS,offline
CS,online
CS,online
CS,offline
BIO,offline
CS,online
BIO,offline
BIO,offline
CS,online
CS,online
CS,online
CS,offline
CS,offline
BIO,offline
BIO,offline
CS,online
CS,offline
ME,online
CS,offline
CS,online
CS,offline
CS,online
CS,online
CS,online
CS,offline
CS,online
CS,offline
CS,online
CS,online
CS,online
CS,online
CS,online
CS,online
CS,offline
BIO,offline
CS,offline
BIO,offline
CS,online
CS,online
CS,online
CS,online
CS,online
CS,offline
ME,offline
ME,online
CS,online
CS,online
CS,offline
CS,offline
CS,offline
CS,offline
CS,online
CS,offline
CS,offline
BIO,offline
CS,online
CS,offline
CS,online
CS,online
ME,offline
CS,online
ME,offline
ME,offline
CS,offline
CS,offline
CS,offline
ME,online
BIO,offline
CS,online
CS,offline
